平台,标题,热度,日期
今日头条,谷神星一号（遥十九）发射失利,19782670,2025-11-10
今日头条,俄乌冲突大结局要来了吗,17900100,2025-11-10
今日头条,全运会还是太先进了,16196680,2025-11-10
今日头条,外交部回应萧美琴在欧洲议会大楼活动,14655362,2025-11-10
今日头条,三名中管干部同日被处理,14483424,2025-11-10
今日头条,女儿养了3个月出院记录显示是男婴,13260720,2025-11-10
今日头条,泽连斯基：全世界都怕特朗普但我不怕,13105144,2025-11-10
今日头条,十五运会“跑”出湾区融合新速度,11858025,2025-11-10
今日头条,一辆4.99万的车藏着京东怎样的棋局,10856959,2025-11-10
今日头条,“古惑仔4人组”全运会中山装合照,10729584,2025-11-10
今日头条,油价上调！加满1箱油多花5元,9823783,2025-11-10
今日头条,美参议院就结束政府停摆达成一致,9708529,2025-11-10
今日头条,河南为什么出营销奇才,8888926,2025-11-10
今日头条,净网|3人为吸粉引流直播谩骂被行拘,8784641,2025-11-10
今日头条,如何看河大校长当选世界科学院院士,8043033,2025-11-10
今日头条,全红婵没参加全运会开幕式,7948671,2025-11-10
百度,河南大学校长当选世界科学院院士,7809462,2025-11-10
百度,西安高颜值女警察引人注目 又美又飒,7808856,2025-11-10
百度,小学没毕业 初二重点课程学完了,7713838,2025-11-10
百度,曾高考16次 36岁唐尚珺开始直播带货,7713123,2025-11-10
百度,十五运会开幕式中式美学拉满,7618519,2025-11-10
百度,满大街的银杏树为什么还是濒危物种,7520554,2025-11-10
百度,全运会还是太先进了,7428325,2025-11-10
百度,谷神星一号（遥十九）火箭发射失利,7426219,2025-11-10
百度,净网：3人为吸粉引流直播谩骂被拘,7330948,2025-11-10
今日头条,只有寒冷天气才会失温？不实,7277637,2025-11-10
百度,中方回应高市早苗涉台错误言论,7238747,2025-11-10
百度,捐款140元给国家造航母 当事人发声,7238577,2025-11-10
今日头条,下一艘国产航母什么样,7192255,2025-11-10
百度,刘德华提前“解冻”,7142518,2025-11-10
百度,快递小哥“扔”快递被奖励6000元,7048391,2025-11-10
百度,交16万给孩子报培训班一门都没过,7043740,2025-11-10
百度,孙杨最后离开泳池向看台鞠躬,6945521,2025-11-10
百度,不得要求教师承担上街执勤等任务,6945362,2025-11-10
百度,街道辟谣楼房刚建好就严重倾斜,6849126,2025-11-10
百度,导演王晶曝舒淇息影内幕,6757843,2025-11-10
百度,那英质疑票数作假 何炅差点没救回场,6754457,2025-11-10
百度,古惑仔4人组全运会中山装合照,6660529,2025-11-10
今日头条,郑丽文打响反击民进党舆论霸权第一枪,6585078,2025-11-10
百度,民政局员工上班途中死亡 法院判了,6563353,2025-11-10
今日头条,低价银行直供房激增意味着什么,6507822,2025-11-10
百度,央视曝光：医保卡被薅羊毛,6470288,2025-11-10
百度,126斤小学生尿酸飙到440 医生提醒,6466908,2025-11-10
百度,副部级杨小伟被“双开”,6378189,2025-11-10
百度,6座面包车下来7个人 拉开门还有8个,6373213,2025-11-10
百度,去陌生人家里蹭饭 长沙轻社交火了,6270696,2025-11-10
百度,洛阳鸡冠洞来了个宣传天才,6191705,2025-11-10
百度,樊振东迎全运会开门红4-0周雨,6182674,2025-11-10
百度,全运会开幕式上的鳌鱼是什么鱼,6085849,2025-11-10
百度,羊驼送洗后因毛发未吹干致失温死亡,5992154,2025-11-10
今日头条,荒野求生现“最强无火生存选手”,5958425,2025-11-10
百度,金价再次直线上涨,5896944,2025-11-10
百度,长沙地铁内女生衣服自燃？官方回应,5890959,2025-11-10
今日头条,樊振东取得开门红晋级男单16强,5888521,2025-11-10
百度,为什么“冬吃萝卜夏吃姜”,5802279,2025-11-10
百度,缅甸政府将拆除KK园区148栋建筑,5706337,2025-11-10
百度,殡仪馆拟搬迁小区学校旁引居民担忧,5601710,2025-11-10
百度,为嫁高富帅男友与母亲反目 女子道歉,5600216,2025-11-10
百度,台媒高度关注央视起底沈伯洋,5526945,2025-11-10
百度,荒野求生选手“续命三件套”火出圈,5410405,2025-11-10
百度,女儿养了仨月 出院记录显示“男婴”,5409947,2025-11-10
今日头条,大衣哥朱之文反击网暴：忍无可忍,5391406,2025-11-10
百度,开门红！孙颖莎4-0刘炜珊,5337091,2025-11-10
今日头条,定期输液能预防中风？假的,5328154,2025-11-10
百度,女子坐高铁遗落价值百万金条,5314428,2025-11-10
百度,中纪委一日连打三虎,5234436,2025-11-10
百度,台退将建议：福建舰的母港选址台湾,5233074,2025-11-10
百度,出院记录性别不符女子怀疑抱错娃,5145143,2025-11-10
百度,赵鸿刚公布病历：看东西重影需手术,5142731,2025-11-10
百度,杭州一男子结婚 兄弟随礼极氪9X,5044973,2025-11-10
百度,江西一风力发电大风车扇叶折断掉落,5029727,2025-11-10
百度,宠物医院用CT检查蟹黄多不多,4950495,2025-11-10
百度,白菜免费摘谁在造谣谁在传谣,4940807,2025-11-10
今日头条,空间碎片的危害到底有多大,4878346,2025-11-10
百度,那英回应质疑票数：这个岁数有啥说啥,4839024,2025-11-10
百度,唯一非运动员火炬手为何是他,4837586,2025-11-10
今日头条,刘德华一开嗓谁的DNA动了,4821113,2025-11-10
百度,万斯称美国会赢得未来250年战争,4761229,2025-11-10
百度,学生囤备胎导师放鸽子 保研双向辜负,4738020,2025-11-10
百度,尹锡悦被控试图诱使朝鲜发动进攻,4667913,2025-11-10
百度,男子去世后曝出17万债务 妻子拒还,4662673,2025-11-10
百度,台媒称沈伯洋内心已相当恐惧,4570635,2025-11-10
百度,樊振东把对手打笑了,4449466,2025-11-10
今日头条,男子去世后曝出17万债务 妻子拒还,4414110,2025-11-10
百度,地表最难乒乓球赛 全国冠军为何难拿,4376775,2025-11-10
百度,民进中央原副主席刘宽忍被开除公职,4376373,2025-11-10
今日头条,那英质疑票数作假 何炅差点没救回场,4362323,2025-11-10
百度,开幕式结束后观众整齐背书包回家,4276305,2025-11-10
百度,俞敏洪转发员工“吐槽公司”视频,4258450,2025-11-10
百度,注意防范！全国整体进入流感流行季,4187954,2025-11-10
百度,高虹安坚称自己没贪污拼无罪复职,4185081,2025-11-10
百度,赖岳谦夫妇透露移居大陆计划,4065843,2025-11-10
百度,严控借调借用教师 8条措施为教师减负,4000845,2025-11-10
今日头条,驻日大使批高市早苗狂言台湾问题,3994052,2025-11-10
百度,洪秀柱：祖国完全统一才是台湾的前途,3971297,2025-11-10
今日头条,荒野求生“发疯”背后是一场大生意,3947193,2025-11-10
百度,年代剧的墙为什么都是上白下绿,3906549,2025-11-10
百度,轿车撞断护栏半悬桥上 男子压车救人,3888365,2025-11-10
百度,受贿509万余元 蔡光辉当庭认罪悔罪,3795264,2025-11-10
百度,特朗普：美政府“停摆”接近结束,3777329,2025-11-10
百度,刘嘉玲喊话网店欺骗消费者,3695474,2025-11-10
百度,十五运会开幕式后首金出炉,3685711,2025-11-10
今日头条,女孩为减肥参加海岛求生35天减28斤,3613967,2025-11-10
百度,亚马逊裁员1.4万 有国内部门腰斩,3612714,2025-11-10
百度,油价要涨了 加满1箱油将多花5元,3581020,2025-11-10
今日头条,国际奥委会主席为何来看全运会,3571568,2025-11-10
百度,“凤凰”横扫菲律宾 巨浪冲倒居民,3495239,2025-11-10
百度,一群世界冠军都来争夺全国冠军,3494918,2025-11-10
百度,“活力大湾鸡”凭高难度动作爆红,3421272,2025-11-10
百度,是否害怕特朗普？泽连斯基回应,3391177,2025-11-10
百度,余广东涉嫌严重违纪违法主动投案,3296121,2025-11-10
百度,台风“凤凰”致菲律宾83万人受灾,3295009,2025-11-10
今日头条,泡泡玛特情绪生意面临考验,3270053,2025-11-10
百度,特朗普现身NFL球赛遭观众狂嘘,3240184,2025-11-10
今日头条,颈动脉斑块能逆转吗,3231688,2025-11-10
百度,美参议院就结束政府停摆达成一致,3208062,2025-11-10
百度,现货黄金突破4070美元,3124521,2025-11-10
百度,专家：流感季或已提前 来得早结束早,3118872,2025-11-10
今日头条,尹锡悦为何能在看守所内收到巨款,2958866,2025-11-10
今日头条,老人过超市安检触发警报后脱衣自证,2924153,2025-11-10
今日头条,全红婵新家封顶 全爸放鞭炮庆祝,2677293,2025-11-10
今日头条,专家：特朗普发钱一箭三雕,2645883,2025-11-10
今日头条,男子荒野求生32天后退赛像极流浪汉,2422515,2025-11-10
今日头条,不得要求教师承担上街执勤等任务,2394093,2025-11-10
今日头条,白酒价格为何崩了,2191982,2025-11-10
今日头条,小伙回应5岁时捐140元给国家造航母,2166265,2025-11-10
今日头条,国际奥委会主席点赞十五运会开幕式,1983387,2025-11-10
今日头条,台媒：沈伯洋内心已经相当恐惧,1960118,2025-11-10
今日头条,荒野求生退赛选手李成勇回应“内幕”,1794643,2025-11-10
今日头条,沈富雄：赖清德恐怕没办法躺着连任,1773588,2025-11-10
今日头条,A股风格切换 大消费板块集中爆发,1623860,2025-11-10
今日头条,河南南阳市人大常委会副主任主动投案,1604809,2025-11-10
今日头条,大V：福建舰效率仅美6成纯属偏见,1469329,2025-11-10
今日头条,起底沈伯洋与境外势力勾结内幕,1452091,2025-11-10
今日头条,拜登为什么罕见出面痛批特朗普,1329504,2025-11-10
今日头条,如何看待特朗普要给美国民众发钱,1313906,2025-11-10
今日头条,美前官员：俄军已学会打现代化战争,1202985,2025-11-10
今日头条,尹锡悦被追加起诉：涉嫌诱朝鲜进攻,1188871,2025-11-10
微博,明星大侦探 撒贝宁,1107194,2025-11-10
今日头条,台风“凤凰”外围云系覆盖台湾全岛,1088506,2025-11-10
微博,中国单方面免签不存在吃亏,1087636,2025-11-10
今日头条,今晚国内油价或现年内第七涨,1075735,2025-11-10
今日头条,江西一风力发电机叶片断裂坠落,984921,2025-11-10
今日头条,京东自营商家的不可承受之重,973365,2025-11-10
今日头条,学者：尹锡悦坐牢比当总统赚得多,891193,2025-11-10
今日头条,牛弹琴：特朗普宣布一个大消息,880737,2025-11-10
今日头条,马光远谈银行直供房,806385,2025-11-10
今日头条,潘展乐冲击全运会个人首金,796924,2025-11-10
今日头条,明天A股会怎么走,729647,2025-11-10
今日头条,谍战新剧《隐锋》今晚首播,721087,2025-11-10
今日头条,周雨向教练诉苦：想赢樊振东真难,660212,2025-11-10
今日头条,民政局人员上班途中死亡 法院判了,652466,2025-11-10
今日头条,福建舰的电磁弹射为啥是世界第一,597384,2025-11-10
今日头条,郭晶晶水中传递火炬,590376,2025-11-10
今日头条,王晶曝舒淇息影内幕,540536,2025-11-10
今日头条,贵阳市副市长高杨主动投案,534194,2025-11-10
今日头条,孙颖莎出场观众席齐刷刷举手机拍照,489097,2025-11-10
今日头条,乌方称乌俄一天交战近250次,483359,2025-11-10
今日头条,“荒野求生”何以爆火,442553,2025-11-10
今日头条,考文垂：中国是国际体坛真正的强国,437361,2025-11-10
微博,樊振东4比0胜周雨,410386,2025-11-10
今日头条,美政治制度里的“对抗机制”失衡了吗,400439,2025-11-10
今日头条,10月房价继续调整 一线城市承压,395741,2025-11-10
微博,Faker发博晒经典夺冠表情,388897,2025-11-10
今日头条,中国汽车在俄罗斯市场“遇冷”,362332,2025-11-10
今日头条,岚图汽车第30万辆整车下线,358081,2025-11-10
今日头条,“一键投诚” 民进党在紧张什么,327851,2025-11-10
今日头条,十五运会开幕式后首金出炉,324005,2025-11-10
微博,4个关键词解读十五运会点火创意,301457,2025-11-10
今日头条,男子从北京跑步到上海全程跑坏5双鞋,296652,2025-11-10
今日头条,人民币变得越来越“好用”,293172,2025-11-10
微博,十五运会新华社出图,275179,2025-11-10
今日头条,博主：解放军实现美俄军队各自优势,268422,2025-11-10
微博,海魂衫 张晚意马思纯,252651,2025-11-10
今日头条,樊振东孙颖莎收获开门红,242878,2025-11-10
今日头条,电竞凭什么这么火,240029,2025-11-10
微博,不得要求教师承担上街执勤等任务,226958,2025-11-10
今日头条,舒淇真实人生的独白,219765,2025-11-10
微博,俄罗斯观众当场教训亵渎国歌者,217954,2025-11-10
今日头条,全运会开幕式容祖儿曾比特等献声,217187,2025-11-10
今日头条,扇耳光大赛倒地的中国选手要做手术,198852,2025-11-10
微博,中方回应高市早苗暗示武力介入台海,184560,2025-11-10
今日头条,洪秀柱前助理张雅屏任大陆事务部主任,179928,2025-11-10
微博,河南新乡门诊医保报销被限额,163939,2025-11-10
微博,王宗源全运会3米板金牌,163570,2025-11-10
微博,印度轮奸案受害女子遭代理律师强奸,163249,2025-11-10
今日头条,全运会江苏女排3-0胜澳门队,162806,2025-11-10
微博,店铺回应被刘嘉玲喊话侵权,162109,2025-11-10
微博,曝英雄联盟2有望明年上线,161399,2025-11-10
微博,女儿养了3个月出院记录显示是男婴,161234,2025-11-10
今日头条,赖清德呼吁发展岛内旅游被嘲讽,160896,2025-11-10
微博,江浙沪父母真的太会托举孩子了,160534,2025-11-10
微博,张予曦 蜘蛛精卖袜子,159614,2025-11-10
微博,南宁二中星轨,159128,2025-11-10
微博,孙颖莎vs刘炜珊,157864,2025-11-10
微博,好想来超市称3岁幼童偷盗千元商品,157681,2025-11-10
微博,看韩乔生连麦跟直接看球没区别,157134,2025-11-10
微博,黑毛一诺回归,156137,2025-11-10
微博,樊振东vs周雨,156060,2025-11-10
微博,求沈月张凌赫合作 但不是这个沈月,155070,2025-11-10
微博,谷神星一号遥十九火箭发射失利,154812,2025-11-10
微博,猴哥说车前妻一家怒斥小三,153003,2025-11-10
微博,女婴出生3天被爸爸外婆120元卖掉,152964,2025-11-10
微博,长沙地铁内一女生衣物起火,151863,2025-11-10
微博,陈妍希谈怀孕妊娠纹,151097,2025-11-10
微博,卢凌风登基的有点草率,150409,2025-11-10
微博,孙颖莎4比0胜刘炜珊,149302,2025-11-10
微博,霍汶希曝英皇艺人不跳槽真实原因,148267,2025-11-10
今日头条,日本岩手县附近海域再发强震,147313,2025-11-10
微博,英雄联盟2,146543,2025-11-10
今日头条,火箭力克雄鹿 杜兰特高效砍下31分,145585,2025-11-10
微博,孙杨最后离开泳池向看台鞠躬,143621,2025-11-10
微博,2025环球小姐集体退赛,142570,2025-11-10
微博,第一次见这么理直气壮的道歉,141776,2025-11-10
微博,是谁杀死了贺繁星,141223,2025-11-10
微博,打针时针眼里的肉去哪了,135963,2025-11-10
微博,时代峰峻 双十一活动,135919,2025-11-10
微博,大量看书后真的能改变人的潜意识,131936,2025-11-10
微博,迪丽热巴身体状况,131900,2025-11-10
微博,刘宇宁直播,131848,2025-11-10
今日头条,张雨霏还记得樊振东教她说粤语,131730,2025-11-10
微博,王安宇高中毕业照,130992,2025-11-10
微博,金价,130195,2025-11-10
微博,气虚vs血虚vs气血两虚,129696,2025-11-10
微博,长沙地铁内一女生衣服自燃,128793,2025-11-10
微博,原来这就是抑郁躯体化,128527,2025-11-10
微博,于谦见证Faker鸟巢执念得偿,127538,2025-11-10
微博,陈赫庆生照差点没看见鹿晗,127225,2025-11-10
微博,周雨笑着祝贺樊振东,126199,2025-11-10
微博,每学期进校园活动不超6次,125891,2025-11-10
微博,渔船沉没8人失联现场救援画面曝光,125531,2025-11-10
微博,唐诡开播第一天杨旭文就被考古了,125343,2025-11-10
微博,樊振东回应4比0周雨,125021,2025-11-10
微博,新人结婚当天在婚车上睡着了,124775,2025-11-10
微博,双十一听劝式购物,124465,2025-11-10
微博,美总统开会时睡着,123907,2025-11-10
微博,四川1000元餐标的农村坝坝宴,123664,2025-11-10
微博,周雨输给樊振东后笑了,123338,2025-11-10
微博,恋与制作人,123247,2025-11-10
微博,ale谈Uzi,123000,2025-11-10
微博,丈夫去世曝出17万债务妻子拒还,119570,2025-11-10
微博,撒贝宁 啥时候退休,114010,2025-11-10
微博,全运会乒乓球,113688,2025-11-10
微博,超强台风致菲律宾83万人受灾,112233,2025-11-10
微博,台湾高度关注央视起底沈伯洋,111298,2025-11-10
微博,樊振东下一轮对阵薛飞,110334,2025-11-10
微博,贵州省贵阳市副市长高杨主动投案,109422,2025-11-10
微博,海底捞回应可免费过夜还送早餐,109231,2025-11-10
今日头条,高市早苗：调整销售税率需要时间,107852,2025-11-10
微博,最好吃的苹果方式,107281,2025-11-10
微博,孙杨以0.1秒优势惊险晋级决赛,104547,2025-11-10
微博,姐姐被冒名与妹夫结婚30余年,99432,2025-11-10
今日头条,杜兰特盛赞谢泼德,97588,2025-11-10
微博,长期阅读对大脑的影响,96126,2025-11-10
微博,把普通的蛋糕拆开卖,94878,2025-11-10
今日头条,全运会开幕式把水火相融表现到极致,88301,2025-11-10
微博,十年前的白敬亭胡先煦,88064,2025-11-10
微博,当你买了一块钱的外卖,84210,2025-11-10
微博,孙颖莎低头一看拉开挡板,81837,2025-11-10
微博,周深开幕式完从头到脚都湿了,81119,2025-11-10
微博,原来有困难真的可以找网友,80765,2025-11-10
今日头条,停摆40天 美参院通过临时拨款法案,79898,2025-11-10
今日头条,德国为何突然要给中国钢材加税,72295,2025-11-10
微博,习近平出席第十五届全运会开幕式,0,2025-11-10
微博,上淘宝双11巅峰冲刺48小时,0,2025-11-10
微博,中国新燃油第五代瑞虎8全球上市,0,2025-11-10
微博,唐诡3没有一个废镜头,0,2025-11-10
微博,范丞丞说新疆全是迪丽热巴古力娜扎,0,2025-11-10
微博,白敬亭吃了没做发型的亏,0,2025-11-10
微博,白鹿宋雨琦互换发色,0,2025-11-10
微博,将门毒后,0,2025-11-10
微博,李荣浩现在去申请加场,0,2025-11-10
微博,张予曦终于要补全浪姐的遗憾了,0,2025-11-10
微博,姜潮说岳母出门打扮得像走红毯,0,2025-11-10
微博,跟着习近平感受中华体育精神的力量,0,2025-11-10
微博,京东11.11已进入巅峰状态,0,2025-11-10
微博,六公主报道杨紫国色芳华研讨会,0,2025-11-10
微博,与时光共赏风光,0,2025-11-10
微博,芒果辟谣撒贝宁回归大侦探,0,2025-11-10
微博,成毅天地剑心豆瓣6.0,0,2025-11-10
微博,将门毒后 鹤男,0,2025-11-10
微博,关晓彤吃瓜看孟子义,0,2025-11-10
微博,许我耀眼集均6328万,0,2025-11-10
微博,时代少年团好六夜红毯,0,2025-11-10
微博,关晓彤十三姨,0,2025-11-10
今日头条,荒野求生“冷美人”冒雨搬入天然岩洞,15816859,2025-11-09
今日头条,拜登狠批特朗普：让国家蒙羞,14311686,2025-11-09
今日头条,追光｜今夜全运圣火点亮大湾区,12949749,2025-11-09
今日头条,胖东来销售额破200亿 控速宣告失败,11717417,2025-11-09
今日头条,研究员：AI或取代绝大部分人类工作,10602357,2025-11-09
今日头条,郑钦文将担任湖北代表团旗手,9593410,2025-11-09
今日头条,全运会吉祥物“大湾鸡”成顶流,8680476,2025-11-09
今日头条,美国民航业陷入灾难 特朗普如何收场,7854419,2025-11-09
百度,央视新闻频道迎来90后新主播王晨,7808494,2025-11-09
百度,胖东来销售额破200亿 控速宣告失败,7713058,2025-11-09
百度,一图看懂第十五届全运会,7615724,2025-11-09
百度,全运会第一个顶流出现了,7519661,2025-11-09
百度,外卖小哥为救火致订单超时赔一百多,7428098,2025-11-09
百度,25岁海军陆战队队员谢丛欣牺牲,7334140,2025-11-09
百度,荒野求生32天 “冷美人”冒雨搬家,7233105,2025-11-09
百度,20岁小伙一年猛长25厘米 确诊巨人症,7140867,2025-11-09
今日头条,黄仁勋：没有台积电就没有英伟达,7106972,2025-11-09
百度,拜登狠批特朗普：让国家蒙羞,7042733,2025-11-09
百度,郑州115岁老人：90多还为重孙做棉衣,6946210,2025-11-09
百度,俄多名航空技术人员坠机身亡,6858186,2025-11-09
百度,中储粮济宁直属库致7死事故报告公布,6758318,2025-11-09
百度,研究员：AI或取代绝大部分人类工作,6661027,2025-11-09
百度,孙中山宋庆龄多段珍贵影像首次公开,6569000,2025-11-09
百度,S15总决赛：T1对决KT,6473808,2025-11-09
今日头条,浙大“食堂顶流”靓园拌面配方公开,6430655,2025-11-09
百度,内蒙古现蝴蝶状不明飞行物,6367855,2025-11-09
百度,“荒野第一深情”林北称玩不下去了,6273983,2025-11-09
百度,父亲擅自取出孩子7万存款 法院判还,6178401,2025-11-09
百度,福建舰上有“哪吒”,6082613,2025-11-09
百度,中国7小时内成功发射两次火箭,5994710,2025-11-09
百度,数百人“免费摘菜” 菜农损失近百万,5896110,2025-11-09
今日头条,新疆某风场风机叶片断裂？假的,5818697,2025-11-09
百度,港星深夜痛哭求助筹钱：妻子急需换肝,5801426,2025-11-09
百度,医生做手术时手机因“涉诈”被停机,5713694,2025-11-09
百度,日本本州东部远海发生6.8级地震,5607818,2025-11-09
百度,F4复出巡演变F3 朱孝天泄密被排除,5519077,2025-11-09
百度,外卖小哥救火超时赔钱 平台回应,5411495,2025-11-09
百度,凌晨4点一群外国人在机场排队等什么,5321538,2025-11-09
今日头条,俄多名航空技术人员坠机身亡,5264975,2025-11-09
百度,绝味鸭脖“半斤标价”遭吐槽,5237140,2025-11-09
百度,海昏侯墓出土中国最古老的“锁绣”,5128757,2025-11-09
百度,张纯如逝世21周年,5025778,2025-11-09
百度,山东威海两船相撞渔船沉没 8人失联,4943580,2025-11-09
百度,S15罗云熙和Uzi同框了,4855189,2025-11-09
今日头条,央视披露南京15死火灾现场,4763946,2025-11-09
百度,俄副总理自曝曾亲自下场参战,4741071,2025-11-09
百度,婚车遭拦截被索要50条香烟 律师解读,4639557,2025-11-09
百度,荒野求生选手徒手搭建三层“豪宅”,4554147,2025-11-09
百度,7000亿新省级银行获批筹建,4479609,2025-11-09
百度,十五运开幕式刘德华压轴登场,4380028,2025-11-09
今日头条,陈数曾两年没吃过水果,4310597,2025-11-09
百度,歼-50啥时候能上福建舰,4270201,2025-11-09
百度,于适出任中国骑射运动中心执行主任,4182542,2025-11-09
百度,日本本州东部远海连续发生2次地震,4088692,2025-11-09
百度,44岁短剧导演心梗离世 当天还在工作,3988477,2025-11-09
百度,女子被说“面相克子散财”花3万整形,3908640,2025-11-09
今日头条,俄罗斯一直升机坠毁致5死2伤,3900389,2025-11-09
百度,中国一天发射5颗卫星,3806448,2025-11-09
百度,塞尔维亚拆北约轰炸遗址建特朗普酒店,3686231,2025-11-09
百度,中国航母舰载机像在“跳舞”,3582636,2025-11-09
今日头条,拉夫罗夫为何缺席俄高层会议,3529218,2025-11-09
百度,官方通报“高铁票买19排车厢仅17排”,3515083,2025-11-09
百度,刘德华为全运会打call,3408944,2025-11-09
百度,“六小龙”齐聚乌镇 目标万亿产业,3328652,2025-11-09
百度,白宫发言人指称BBC为“假新闻媒体”,3215204,2025-11-09
今日头条,郑丽文祭拜先烈时民众高喊两岸一家亲,3193368,2025-11-09
百度,缅甸政府将拆除KK园区148栋建筑,3137782,2025-11-09
今日头条,警方收到大量“台独”沈伯洋相关线索,2889479,2025-11-09
今日头条,女生结婚姑父开车20多小时赶来,2614509,2025-11-09
今日头条,高速服务区保安深夜偷拿货车生姜,2365705,2025-11-09
今日头条,刘嘉玲曝刘德华的疯狂“私生饭”,2140579,2025-11-09
今日头条,谢娜坐高铁偶遇王鹤棣,1936876,2025-11-09
今日头条,歼-50啥时候能上福建舰,1752557,2025-11-09
今日头条,四川女篮“武装到牙齿”争冠,1585780,2025-11-09
今日头条,日本本州东部远海发生6.8级地震,1434873,2025-11-09
今日头条,中美“船舶大战”按下暂停键,1298326,2025-11-09
今日头条,44岁短剧导演因心梗不幸离世,1174774,2025-11-09
微博,KT对战T1,1125914,2025-11-09
今日头条,退休人员为让孩子留学给间谍送绝密,1062980,2025-11-09
今日头条,土耳其以色列“作秀循环”会带来什么,961824,2025-11-09
今日头条,专家：这一轮中国关税反击战今非昔比,870294,2025-11-09
今日头条,日照实验高中党委书记宋国安去世,787475,2025-11-09
今日头条,中储粮济宁直属库致7死事故调查报告公布,712536,2025-11-09
今日头条,F4合体演唱会被曝没有朱孝天,644730,2025-11-09
今日头条,俄外长：正落实普京的核试验指示,583375,2025-11-09
今日头条,印度为何对G2念念不忘,527860,2025-11-09
今日头条,媒体：不能任由谣言篡改历史DNA,477627,2025-11-09
今日头条,记者对话台青陈竹音,432175,2025-11-09
微博,全运会开幕式,402797,2025-11-09
微博,全运会,394650,2025-11-09
今日头条,南海舰队仅主战装备就60万吨,391048,2025-11-09
今日头条,女子脱鞋翘腿霸占小桌板,353835,2025-11-09
今日头条,罗智强：赵少康亮票案是“奉旨办案”,320163,2025-11-09
微博,1999年小朋友捐款140元给国家造航母,292990,2025-11-09
今日头条,土耳其“通缉”内塔尼亚胡是作秀吗,289695,2025-11-09
今日头条,美媒赞叹中国航母发展速度,262127,2025-11-09
微博,女子曝光服装AB版带货套路,241904,2025-11-09
今日头条,丁欣怡出任全运会开幕式重庆团旗手,237182,2025-11-09
微博,每天1个苹果身体有什么变化,233588,2025-11-09
今日头条,刘斐4比0淘汰杜凯琹挺进全运16强,214611,2025-11-09
微博,管泽元 BLG来看比赛了,210848,2025-11-09
今日头条,落马厅官出狱当天又被逮捕,194188,2025-11-09
今日头条,博主：《繁花》剧组丢掉了所有腔调,175709,2025-11-09
微博,排骨羽绒服,173195,2025-11-09
微博,白百何工作室晒时间线,172917,2025-11-09
微博,李连杰脱衣辟谣换心脏,172451,2025-11-09
微博,邓紫棋唱得好歌一般,172203,2025-11-09
微博,44岁导演心梗离世仅获赔1万元,172010,2025-11-09
微博,京东惊喜之夜发黄金钻石手表,171702,2025-11-09
微博,唐诡3第一滴泪给刘十八刘十九,171420,2025-11-09
微博,这蒙多太吓人了,171212,2025-11-09
微博,11月了为啥还有台风,170210,2025-11-09
微博,习惯每一年有奔驰的S赛,168544,2025-11-09
微博,谢娜坐高铁偶遇王鹤棣,167088,2025-11-09
微博,关晓彤衣品,166836,2025-11-09
微博,女艺人穿着裙子跪前边拍照,164344,2025-11-09
微博,胡歌带女儿逛乐高乐园,163475,2025-11-09
微博,自取奶茶一买一个不吱声,162530,2025-11-09
微博,王源回复王俊凯易烊千玺祝福,160195,2025-11-09
微博,小猫知道爷爷去世了,159017,2025-11-09
今日头条,黄镇廷晋级全运会乒乓球男单十六强,158988,2025-11-09
微博,网购衣服货不对版的原因找到了,158655,2025-11-09
微博,KT冠军点,148518,2025-11-09
今日头条,如何看待南海方向双航母布局,143858,2025-11-09
微博,包头禁飞区现蝴蝶状飞行物,141468,2025-11-09
微博,商务部回应安世半导体问题,140212,2025-11-09
微博,石凯红包,140152,2025-11-09
微博,李昀锐哄完你的再哄你的,139698,2025-11-09
微博,T1的BP,127880,2025-11-09
微博,第一批固体杨枝甘露的受害者出现,121690,2025-11-09
微博,日本地震,119282,2025-11-09
今日头条,25岁海军陆战队队员谢丛欣魂归故里,117781,2025-11-09
微博,S15决赛唯一中国人,116481,2025-11-09
今日头条,粤港澳联合承办十五运会背后,106573,2025-11-09
微博,狼队坐着握手,105549,2025-11-09
微博,中储粮库7死事故12人被采取强制措施,103028,2025-11-09
微博,彭小苒 姐妹这太过火了,99430,2025-11-09
微博,苏新皓对镜头挑眉,96319,2025-11-09
微博,美国女子无家可归像虫子一样蠕动,91433,2025-11-09
微博,原来小孩的区别对待这么明显,88625,2025-11-09
微博,朱志鑫的镜头签,84905,2025-11-09
微博,中国第四艘航母或为核动力,84637,2025-11-09
微博,全球半导体供应链混乱责任在荷方,83650,2025-11-09
微博,虎鲸母子被困废弃海洋公园起舞求食,81665,2025-11-09
微博,总书记点赞的土特产,0,2025-11-09
微博,天地剑心大结局,0,2025-11-09
微博,春节9天假飞猪大量套餐不加价,0,2025-11-09
微博,寻找百岁山一起去全运,0,2025-11-09
微博,穆祉丞音乐节,0,2025-11-09
微博,唐诡云合登顶,0,2025-11-09
微博,恩利一开口以为庾澄庆来了,0,2025-11-09
微博,又到了看唐诡谁都像凶手的时候,0,2025-11-09
微博,网传白鹿张凌赫出演恰逢雨连天,0,2025-11-09
